<?xml version="1.0" encoding="UTF-8"?>
<addon id="plugin.video.flixbalkan" name="[B][COLOR limegreen]Flix[/B][COLOR white]Balkan[/COLOR]" version="2.0.0" provider-name="FlixStudios">
  <requires>
    <import addon="xbmc.python" version="3.0.0"/>
    <import addon="script.module.requests" version="2.22.0"/>
	<import addon="script.module.resolveurl" version="5.1.0"/>
  </requires>
  <extension point="xbmc.python.pluginsource" library="resources/lib/addon.py">
    <provides>video</provides>
  </extension>
  <extension point="xbmc.addon.metadata">
    <summary>FlixBalkan Video Addon</summary>
    <description>FlixBalkan Video Addon - Balkan Content Streaming</description>
    <platform>all</platform>
	<assets>
    <icon>logo.png</icon>
    </assets>
  </extension>
</addon>