<?xml version="1.0" encoding="UTF-8" standalone="yes"?>
<addon id="repository.flixkodi" name="FlixKodi Repository" version="1.0.1" provider-name="FlixKodi">
    <extension point="xbmc.addon.repository" name="FlixKodi Repository">
        <dir minversion="21.0">
            <info compressed="false">https://raw.githubusercontent.com/FlixStudioss/FlixKodi/main/zips/addons.xml</info>
            <checksum>https://raw.githubusercontent.com/FlixStudioss/FlixKodi/main/zips/addons.xml.md5</checksum>
            <datadir zip="true">https://raw.githubusercontent.com/FlixStudioss/FlixKodi/main/zips/</datadir>
        </dir>
    </extension>
    <extension point="xbmc.addon.metadata">
        <summary>FlixKodi Repository</summary>
        <description>Official repository for FlixKodi addons including FlixWizard</description>
        <disclaimer></disclaimer>
        <platform>all</platform>
        <assets>
            <icon>icon.png</icon>
        </assets>
    </extension>
</addon>
