<?xml version="1.0" encoding="UTF-8"?>
<addon id="plugin.program.flixgen" name="[B][COLOR limegreen]Flix[/B][COLOR white]Gen[/COLOR]" version="1.0.0" provider-name="FlixStudios">
    <requires>
        <import addon="xbmc.python" version="3.0.0"/>
		<import addon="pvr.stalker"/>
    </requires>
	<extension point="xbmc.python.pluginsource" library="flixgen.py">
        <provides>executable</provides>
    </extension>
    <extension point="xbmc.addon.metadata">
        <summary>FlixGen - MAC Address Generator for Stalker</summary>
        <description lang="en">FlixGen - MAC Address Generator for PVR Stalker Client playlist selection</description>
        <platform>all</platform>
        <language>en</language>
        <license>GPLv2</license>
		<assets>
        <icon>icon.png</icon>
        </assets>
    </extension>
</addon>